strain_id,accession,r1,r2
L.2112,SRR8173010,,
L.2112,SRR8172996,,
L.2112,SRR8173088,,
L.2278,SRR8172969,,
L.2278,SRR8172929,,
L.2278,SRR8172985,,
L.S-23,SRR8172963,,
L.S-23,SRR8172987,,
L.S-23,SRR8172927,,
L.WLP820,SRR8172935,,
L.WLP820,SRR8172989,,
L.WLP820,SRR8172965,,
W.WLP070,SRR8172991,,
W.WLP070,SRR8172971,,
W.WLP070,SRR8173014,,
WLP862-Borneman,SRR2968046,,
YMD1874,SRR8172939,,
BE103,SRR8799642,,
BE104,SRR8799680,,
BE106,SRR8799685,,
BE110,SRR8799646,,
BE111,SRR8799652,,
BE112,SRR8799686,,
BE113,SRR8799647,,
BE114,SRR8799692,,
BE117,SRR8799694,,
BE118,SRR8799654,,
BE119,SRR8799648,,
BE120,SRR8799683,,
BE121,SRR8799682,,
BE122,SRR8799666,,
BE123,SRR8799653,,
BE124,SRR8799631,,
BE125,SRR8799695,,
BE126,SRR8799649,,
BE127,SRR8799645,,
BE128,SRR8799681,,
BE129,SRR8799684,,
BE130,SRR8799676,,
BE132,SRR8799687,,
BE133,SRR8799691,,
BE134-Gallone,SRR8799693,,
BE135,SRR8799659,,
BE136,SRR8799643,,
BE137,SRR8799662,,
BE138,SRR8799663,,
BE139,SRR8799634,,
BE140,SRR8799640,,
BE141,SRR8799671,,
BE142,SRR8799667,,
BE143,SRR8799637,,
CBS1174,DRR040649,,
CBS1260,SRR10047341,,
CBS1260,SRR10047352,,
CBS1260,SRR10047363,,
CBS1260,SRR10047374,,
CBS1260,SRR10047385,,
CBS1260,SRR10047396,,
CBS1483,DRR040656,,
CBS1483-Broek,SRR1649179,,
CBS1483-Broek,SRR1649180,,
CBS1483-Broek,SRR1649181,,
CBS1483-Broek,SRR1649182,,
CBS1483-Salazar,SRR8648839,,
CBS1484,DRR040657,,
CBS1486,SRR10047274,,
CBS1486,SRR10047285,,
CBS1486,SRR10047296,,
CBS1486,SRR10047307,,
CBS1486,SRR10047319,,
CBS1486,SRR10047330,,
CBS1503,DRR040637,,
CBS1503,DRR040638,,
CBS1503,DRR040639,,
CBS1503,DRR040640,,
CBS1513,DRR040641,,
CBS1513,DRR040642,,
CBS1513,DRR040643,,
CBS1513,DRR040644,,
CBS1538-GarciaCaro,SRR18163228,,
CBS1538-Langdon,SRR10047219,,
CBS1538-Langdon,SRR10047230,,
CBS1538-Langdon,SRR10047241,,
CBS1538-Langdon,SRR10047252,,
CBS1538-Langdon,SRR10047263,,
CBS1538-Okuno,DRR040645,,
CBS1538-Okuno,DRR040646,,
CBS1538-Okuno,DRR040647,,
CBS1538-Okuno,DRR040648,,
CBS2156,DRR040658,,
CBS2440,DRR040650,,
CBS5832,DRR040659,,
CBS5832,DRR040660,,
CIBART79,SRR10047163,,
CIBART79,SRR10047174,,
CIBART79,SRR10047185,,
CIBART79,SRR10047196,,
CIBART79,SRR10047208,,
Cit-KP,SRR10047152,,
DBVPG6283,SRR10046995,,
DBVPG6283,SRR10046996,,
DBVPG6283,SRR10046997,,
DBVPG6283,SRR10046998,,
DBVPG6283,SRR10047000,,
DBVPG6283,SRR10047001,,
DBVPG6283,SRR10047008,,
FM1203,SRR10046975,,
FM1203,SRR10046976,,
HeinekenA,SRR8648841,,
NRRL_Y-12693-Langdon,SRR10046945,,
NRRL_Y-12693-Langdon,SRR10046946,,
NRRL_Y-12693-Langdon,SRR10046947,,
NRRL_Y-12693-Langdon,SRR10046948,,
NRRL_Y-48766,SRR10047362,,
SafLager-023,SRR10047313,,
SP012,SRR8799644,,
TUM26,SRR8799690,,
UDeb-LY0002,SRR31642013,,
W34-70,SRR18163229,,
W34-70A1,SRR1649183,,
W34-70A1-B11,SRR1649190,,
W34-70A2,SRR1649191,,
W34-70-Fay,SRR8172964,,
W34-70-Fay,SRR8172936,,
W34-70-Fay,SRR8172990,,
W34-70-Okuno,DRR040651,,
W34-70-Okuno,DRR040652,,
W34-70-Okuno,DRR040653,,
W34-70-Okuno,DRR040654,,
W34-70-Okuno,DRR040655,,
WLP029,SRR10047259,,
WLP029,SRR10047260,,
WLP029,SRR10047261,,
WLP029,SRR10047262,,
WLP051,SRR10047256,,
WLP051,SRR10047257,,
WLP051,SRR10047258,,
WLP515,SRR10047225,,
WLP515,SRR10047223,,
WLP515,SRR10047224,,
WLP515,SRR10047226,,
WLP802,SRR10047190,,
WLP802,SRR10047191,,
WLP802,SRR10047192,,
WLP810,SRR10047189,,
WLP815,SRR10047184,,
WLP815,SRR10047186,,
WLP815,SRR10047187,,
WLP815,SRR10047188,,
WLP820,SRR10047178,,
WLP820,SRR10047179,,
WLP820,SRR10047180,,
WLP820,SRR10047181,,
WLP820,SRR10047182,,
WLP820,SRR10047183,,
WLP830,SRR10047172,,
WLP830,SRR10047173,,
WLP830,SRR10047175,,
WLP830,SRR10047176,,
WLP830,SRR10047177,,
WLP833,SRR10047168,,
WLP833,SRR10047169,,
WLP833,SRR10047170,,
WLP833,SRR10047171,,
WLP840,SRR10047157,,
WLP840,SRR10047158,,
WLP840,SRR10047159,,
WLP840,SRR10047160,,
WLP862-Langdon,SRR10047153,,
WLP862-Langdon,SRR10047154,,
WLP862-Langdon,SRR10047155,,
WLP862-Langdon,SRR10047156,,
WLP920,SRR10047147,,
WLP920,SRR10047148,,
WLP920,SRR10047149,,
WLP920,SRR10047150,,
WLP920,SRR10047151,,
WLP940,SRR10047144,,
WLP940,SRR10047145,,
WLP940,SRR10047146,,
WY1187,SRR10047123,,
WY1187,SRR10047124,,
WY1187,SRR10047125,,
WY2000,SRR10047101,,
WY2000,SRR10047102,,
WY2001,SRR10047100,,
WY2007,SRR10047095,,
WY2007,SRR10047096,,
WY2007,SRR10047098,,
WY2007,SRR10047099,,
WY2035,SRR10047093,,
WY2035,SRR10047094,,
WY2042,SRR10047092,,
WY2112,SRR10047083,,
WY2112,SRR10047084,,
WY2112,SRR10047087,,
WY2112,SRR10047088,,
WY2112,SRR10047089,,
WY2112,SRR10047090,,
WY2112,SRR10047091,,
WY2124_A,SRR10047079,,
WY2124_A,SRR10047080,,
WY2124_A,SRR10047081,,
WY2124_A,SRR10047082,,
WY2124_B,SRR10047073,,
WY2124_B,SRR10047075,,
WY2124_B,SRR10047076,,
WY2124_B,SRR10047077,,
WY2124_B,SRR10047078,,
WY2206,SRR10047067,,
WY2206,SRR10047068,,
WY2206,SRR10047069,,
WY2206,SRR10047070,,
WY2206_A,SRR10047071,,
WY2206_A,SRR10047072,,
WY2278,SRR10047064,,
WY2278,SRR10047060,,
WY2278,SRR10047061,,
WY2278,SRR10047062,,
WY2278,SRR10047065,,
WY2278,SRR10047066,,
WY2308,SRR10047055,,
WY2308,SRR10047056,,
WY2308,SRR10047057,,
WY2308,SRR10047058,,
WY2308,SRR10047059,,
yHAB47-Peris,SRR2586169,,
yHAB47-Peris,SRR2586170,,
yHCT145,SRR10047022,,
yHCT145,SRR10047023,,
yHCT145,SRR10047024,,
yHCT145,SRR10047025,,
yHCT145,SRR10047026,,
yHCT81-Peris,SRR2586163,,
yHCT81-Peris,SRR2586164,,
yHCT81-Peris,SRR2586165,,
yHCT81-Peris,SRR2586166,,
yHCT81-Peris,SRR2586167,,
yHCT81-Peris,SRR2586168,,
yHDD49,SRR10047017,,
yHDD49,SRR10047018,,
yHDD49,SRR10047020,,
yHDD49,SRR10047021,,
